"0x08fc24c9128591b74191fcff6833E746BA67d63e", True Positive
"0x0BF0f154B176C5d90F24e506F10F7F583eB5334d", True Positive
"0x0e77cb9d68B8Bf3cC41561f8edA6c71E4A4b9ef7", True Positive
"0x13b87fB8E6152032fD525F64f158c129a230b6ee", True Positive
"0x1ca89Aa77f416f1e1d22e22fB7d76c90F5B85Eb2", False Positive
"0x26B5962250B779ab0F33970738A46FcFb00a70b9", True Positive
"0x2BB5B9f83391d4190f8b283Be0170570953c5a8e", True Positive
"0x2eCF8D1F46DD3C2098de9352683444A0B69Eb229", True Positive
"0x31FD65340A3d272E21Fd6ac995f305CC1AD5f42A", True Positive
"0x37541ebF8B4E25d36FBaA9b4C4EAad8C06314d6F", True Positive
"0xFb294324c87F57f89c37d3fCE66Ca6D8212562b3", True Positive
"0x3bafB3af16203C817eE9208C6b8a748398DAE689", True Positive
"0x3E013FC32a54C4c5b6991Ba539DcD0Ec4355C859", True Positive
"0x413c8657b6E6FA2B433dB62271e662A470DE4ba0", True Positive
"0x414BF51522a681DCE60fF432067e89aC8326Aaf7", True Positive
"0x5ABb8dDA439BECBd9585D1894Bd96Fd702400fA2", True Positive
"0x652eB151869C2E8fA354F29321BA192D5d9F84DC", True Positive
"0x198a681f994c00858f1de7fbffbd169ce63de4ca", True Positive
"0x757f9A1Ca2d3aF327111c786eF923E67AB586B03", True Positive
"0x791d0463B8813B827807A36852e4778BE01b704e", True Positive
"0x8685631276cFCf17a973d92f6DC11645E5158c0c", True Positive
"0x8f3E10F9b0B9EEBb2254FC6d6549bd7A8Db9F10e", True Positive
"0x92e63bE3a88DF80f64ba4f829Dd7DDF97E8B750B", True Positive
"0x94602b0E2512DdAd62a935763BF1277c973B2758", True Positive
"0x96830139E44251DDbe3D1C4C4110262B47Cf6d34", True Positive
"0x9823e4e4F4552cD84720daBBd6fB2C7b67066C6C", True Positive
"0x9cdfD805d73b4837BF3f7b2296996AAECC881e86", True Positive
"0x9F54d912a029380f2743aAf4dDD28C3f207cD719", True Positive
"0xa83c50d091E39a02E02Fcc88d4c5EB2b9efF14eb", True Positive
"0xADcCEA0B14d26d786B99Cf3ba3e9812CD4d23A81", True Positive
"0xb1F4ca3C6256f415E420dE511504Af8ea8a9C8e0", True Positive
"0xb4aFb4a1dF99C2333DDC57Ec33E57D26E87E78E4", False Positive
"0xc7E4a9147601fDbc7d1c2fb8B6C2ffCB2469f293", True Positive
"0xC9C8eF2588647E6f5acb6aAee637264D2632609D", True Positive
"0xCe502A07c1a9FF240285d67910b335a8eA9edfA3", False Positive
"0xdf77e4a81fbA17e0Cc39Dba521AA4167f388ed7C", True Positive
"0xE8eA0f7633bd29f6BBD603aDAe82249CCe34Cb49", False Positive
"0xf6c61Cb3B0aDD944AC53c9c2dECAF2954F0515cb", True Positive
"0xF85A2E95FA30d005F629cBe6c6d2887D979ffF2A", False Positive
"0xfb6E71e0800BcCC0db8a9Cf326fe3213CA1A0EA0", True Positive
"0xFD1E3d3E641f224CE8e1117866CF3F01ed2D5D9f", True Positive
"0xB11E0464CBCf0A06BBE29d8882c9FC7a96CcA9FB", True Positive
"0x223b0ee581719d4c6ae36f1ba1dd4101e5409c1c", True Positive
"0x0Dc11B7Ed751594906BCe3a7091952b30528ee7E", True Positive
"0xE952CBf5C1480032537c57874DE3e949203Ed623", True Positive
"0xe4D6F6AABB8571c1668D8f35818f37dbf8C610E6", False Positive
"0x15d0e6cedd8ecc39daa60c63a3a5830eeca7d720", True Positive
"0x1EBf20031b03B80E5f6FdbEB9F86d44145224006", True Positive
"0x35c3034556b81132e682db2f879e6f30721b847c", True Positive
"0x5aa88d2901c68fda244f1d0584400368d2c8e739", True Positive
"0x9Efc7A38552e63534a8e9B9558adabD73297f91D", True Positive
"0xE26E90598190a98C92c75204c9A4eCFe5983F8E0", True Positive
"0xE0527863dF8abcb3caCA7dA329eb9C747822Aa98", True Positive
"0xf5b1D75f4415f853fEf2466A5ab8e412D593Dd44", True Positive
"0x01b21934ba28dfd8a22c4d21c710290500a5081f", True Positive
"0x04baddfb21723ec467e9993b715c5e0d673bac96", True Positive
"0x29d6cf436c893c7e44ea926411d5fd4dd763d9b3", True Positive
"0x2f069a1d7a052052458e8b5511e91221eb337c52", True Positive
"0x36f726e01cc85fdb0d998dfc442856379c569274", True Positive
"0x559be9a89db88794645abb93e3bfc1af2ee0be40", True Positive
"0x74808c86c6f0bc6f59a3a1430ddfcd2e29952eac", True Positive
"0x752406cbfd32593fc422da69cdd702d1eaadc121", True Positive
"0x12db4B88FAd2E21E075Fd4382E77Bd76A096e017", True Positive
"0x5a2F443b32AB76D3B6B988Edd2A822018b000f88", True Positive
"0xb055eE6c86B4202C0690723a9b9b47A869ff9D49", True Positive
"0xB7d7f0223C2330f09dC8F4Fa8B124e9a24593E1b", True Positive